-- Drop tables if they exist
DROP TABLE IF EXISTS Enrollments;
DROP TABLE IF EXISTS Students;
DROP TABLE IF EXISTS Courses;

-- Create Students table
CREATE TABLE Students (
    student_id INTEGER PRIMARY KEY,
    name TEXT NOT NULL,
    age INTEGER,
    department TEXT
);

-- Create Courses table
CREATE TABLE Courses (
    course_id INTEGER PRIMARY KEY,
    course_name TEXT NOT NULL,
    credits INTEGER
);

-- Create Enrollments table
CREATE TABLE Enrollments (
    enroll_id INTEGER PRIMARY KEY,
    student_id INTEGER,
    course_id INTEGER,
    grade TEXT,
    FOREIGN KEY(student_id) REFERENCES Students(student_id),
    FOREIGN KEY(course_id) REFERENCES Courses(course_id)
);

-- Insert Students (100 entries)
INSERT INTO Students (student_id, name, age, department) VALUES
(1, 'Alice', 20, 'Computer Science'),
(2, 'Bob', 22, 'Mathematics'),
(3, 'Charlie', 21, 'Physics'),
(4, 'David', 23, 'Computer Science'),
(5, 'Eve', 20, 'Mathematics'),
(6, 'Frank', 22, 'Biology'),
(7, 'Grace', 21, 'Chemistry'),
(8, 'Hannah', 24, 'Economics'),
(9, 'Ian', 22, 'Philosophy'),
(10, 'Jane', 20, 'Computer Science'),
(11, 'Kevin', 23, 'Mathematics'),
(12, 'Laura', 21, 'Physics'),
(13, 'Mike', 22, 'Biology'),
(14, 'Nina', 20, 'Chemistry'),
(15, 'Oscar', 23, 'Economics'),
(16, 'Paula', 21, 'Philosophy'),
(17, 'Quinn', 22, 'Computer Science'),
(18, 'Ravi', 23, 'Mathematics'),
(19, 'Sophia', 20, 'Physics'),
(20, 'Tom', 22, 'Biology'),
(21, 'Uma', 21, 'Chemistry'),
(22, 'Victor', 23, 'Economics'),
(23, 'Wendy', 20, 'Philosophy'),
(24, 'Xavier', 22, 'Computer Science'),
(25, 'Yara', 21, 'Mathematics'),
(26, 'Zane', 23, 'Physics'),
(27, 'Aditya', 22, 'Biology'),
(28, 'Bhavna', 20, 'Chemistry'),
(29, 'Chirag', 21, 'Economics'),
(30, 'Deepa', 23, 'Philosophy'),
(31, 'Eshan', 20, 'Computer Science'),
(32, 'Farah', 21, 'Mathematics'),
(33, 'Gaurav', 22, 'Physics'),
(34, 'Harini', 23, 'Biology'),
(35, 'Isha', 20, 'Chemistry'),
(36, 'Jatin', 21, 'Economics'),
(37, 'Kavya', 22, 'Philosophy'),
(38, 'Laksh', 23, 'Computer Science'),
(39, 'Meera', 20, 'Mathematics'),
(40, 'Nikhil', 21, 'Physics'),
(41, 'Ojas', 22, 'Biology'),
(42, 'Priya', 23, 'Chemistry'),
(43, 'Rohit', 20, 'Economics'),
(44, 'Sneha', 21, 'Philosophy'),
(45, 'Tanvi', 22, 'Computer Science'),
(46, 'Uday', 23, 'Mathematics'),
(47, 'Varun', 20, 'Physics'),
(48, 'Wilma', 21, 'Biology'),
(49, 'Xena', 22, 'Chemistry'),
(50, 'Yash', 23, 'Economics'),
(51, 'Zoya', 20, 'Philosophy'),
(52, 'Arjun', 21, 'Computer Science'),
(53, 'Bharat', 22, 'Mathematics'),
(54, 'Chetan', 23, 'Physics'),
(55, 'Divya', 20, 'Biology'),
(56, 'Ekta', 21, 'Chemistry'),
(57, 'Fahad', 22, 'Economics'),
(58, 'Garima', 23, 'Philosophy'),
(59, 'Hemant', 20, 'Computer Science'),
(60, 'Indira', 21, 'Mathematics'),
(61, 'Jaspreet', 22, 'Physics'),
(62, 'Kiran', 23, 'Biology'),
(63, 'Leela', 20, 'Chemistry'),
(64, 'Manoj', 21, 'Economics'),
(65, 'Nandita', 22, 'Philosophy'),
(66, 'Omkar', 23, 'Computer Science'),
(67, 'Pooja', 20, 'Mathematics'),
(68, 'Ramesh', 21, 'Physics'),
(69, 'Sana', 22, 'Biology'),
(70, 'Tara', 23, 'Chemistry'),
(71, 'Umesh', 20, 'Economics'),
(72, 'Vaishali', 21, 'Philosophy'),
(73, 'Wasim', 22, 'Computer Science'),
(74, 'Xander', 23, 'Mathematics'),
(75, 'Yamini', 20, 'Physics'),
(76, 'Zubair', 21, 'Biology'),
(77, 'Aditi', 22, 'Chemistry'),
(78, 'Balaji', 23, 'Economics'),
(79, 'Charu', 20, 'Philosophy'),
(80, 'Dinesh', 21, 'Computer Science'),
(81, 'Elina', 22, 'Mathematics'),
(82, 'Feroz', 23, 'Physics'),
(83, 'Geeta', 20, 'Biology'),
(84, 'Harsh', 21, 'Chemistry'),
(85, 'Ipsita', 22, 'Economics'),
(86, 'Javed', 23, 'Philosophy'),
(87, 'Krishna', 20, 'Computer Science'),
(88, 'Lavanya', 21, 'Mathematics'),
(89, 'Mohit', 22, 'Physics'),
(90, 'Niharika', 23, 'Biology'),
(91, 'Omar', 20, 'Chemistry'),
(92, 'Pranav', 21, 'Economics'),
(93, 'Ritika', 22, 'Philosophy'),
(94, 'Siddharth', 23, 'Computer Science'),
(95, 'Tanu', 20, 'Mathematics'),
(96, 'Urvashi', 21, 'Physics'),
(97, 'Vikas', 22, 'Biology'),
(98, 'Waseem', 23, 'Chemistry'),
(99, 'Yogita', 20, 'Economics'),
(100, 'Zahir', 21, 'Philosophy');

-- Insert Courses (20 entries)
INSERT INTO Courses (course_id, course_name, credits) VALUES
(101, 'Database Systems', 4),
(102, 'Linear Algebra', 3),
(103, 'Operating Systems', 4),
(104, 'Quantum Mechanics', 3),
(105, 'Machine Learning', 4),
(106, 'Computer Networks', 3),
(107, 'Artificial Intelligence', 4),
(108, 'Data Structures', 3),
(109, 'Compiler Design', 4),
(110, 'Cryptography', 3),
(111, 'Numerical Methods', 4),
(112, 'Microprocessors', 3),
(113, 'Control Systems', 4),
(114, 'Econometrics', 3),
(115, 'Cognitive Science', 4),
(116, 'Bharat', 3),
(117, 'Molecular Biology', 4),
(118, 'Environmental Studies', 3),
(119, 'Sociology', 4),
(120, 'Ethics in Technology', 3);

-- Sample Enrollments (just a few for illustration)
INSERT INTO Enrollments (enroll_id, student_id, course_id, grade) VALUES
(1, 1, 101, 'A'),
(2, 2, 102, 'B'),
(3, 3, 104, 'A'),
(4, 4, 101, 'C'),
(5, 5, 105, 'B'),
(6, 6, 106, 'A'),
(7, 7, 107, 'B'),
(8, 8, 108, 'A'),
(9, 9, 109, 'C'),
(10, 10, 110, 'B');
