-- Drop tables if they exist to allow for a clean slate
DROP TABLE IF EXISTS Enrolled;
DROP TABLE IF EXISTS Students;
DROP TABLE IF EXISTS Courses;

-- Create the database schema
CREATE TABLE Students (
    sid INTEGER PRIMARY KEY,
    sname TEXT NOT NULL,
    discipline TEXT,
    gpa REAL
);

CREATE TABLE Courses (
    cid TEXT PRIMARY KEY,
    cname TEXT NOT NULL,
    credits INTEGER
);

CREATE TABLE Enrolled (
    sid INTEGER,
    cid TEXT,
    grade TEXT,
    PRIMARY KEY (sid, cid),
    FOREIGN KEY (sid) REFERENCES Students(sid),
    FOREIGN KEY (cid) REFERENCES Courses(cid)
);

-- Insert data into Courses table
INSERT INTO Courses (cid, cname, credits) VALUES
('CSL100', 'Intro to Programming', 3),
('CSL211', 'Data Structures', 4),
('CSL303', 'Databases', 4),
('EEL201', 'Digital Circuits', 3),
('EEL305', 'Signals and Systems', 4),
('MEL110', 'Thermodynamics', 3),
('MEL242', 'Machine Design', 4),
('BIO101', 'Intro to Biology', 3),
('PHL100', 'Intro to Physics', 4),
('HSL261', 'Communication Skills', 2);

-- Insert data into Students table
INSERT INTO Students (sid, sname, discipline, gpa) VALUES
(101, 'Ruby Jones', 'Mechanical Engineering', 3.66),
(102, 'Isla Moore', 'Computer Science', 3.56),
(103, 'Grace Wilson', 'Electrical Engineering', 3.63),
(104, 'Ruby Moore', 'Mechanical Engineering', 3.96),
(105, 'Grace Clark', 'Physics', 3.86),
(106, 'Ben Taylor', 'Computer Science', 3.46),
(107, 'Mia Taylor', 'Mechanical Engineering', 3.96),
(108, 'Henry Wilson', 'Electrical Engineering', 3.8),
(109, 'Grace Brown', 'Computer Science', 3.99),
(110, 'Ruby Clark', 'Mechanical Engineering', 3.28),
(111, 'David Williams', 'Mechanical Engineering', 3.45),
(112, 'Frank Miller', 'Electrical Engineering', 3.8),
(113, 'Grace Taylor', 'Electrical Engineering', 3.95),
(114, 'Isla Clark', 'Computer Science', 3.22),
(115, 'Henry Wilson', 'Physics', 3.71),
(116, 'Ruby Davis', 'Electrical Engineering', 3.4),
(117, 'Ben Clark', 'Biology', 3.26),
(118, 'Mia Moore', 'Mechanical Engineering', 3.81),
(119, 'Ruby Miller', 'Computer Science', 3.42),
(120, 'David Taylor', 'Mechanical Engineering', 3.16),
(121, 'Isla Williams', 'Mechanical Engineering', 3.52),
(122, 'Frank Jones', 'Physics', 3.96),
(123, 'Grace Wilson', 'Mechanical Engineering', 2.52),
(124, 'Ruby Moore', 'Biology', 3.13),
(125, 'Ben Williams', 'Electrical Engineering', 3.41),
(126, 'Isla Wilson', 'Mechanical Engineering', 3.81),
(127, 'Ruby Clark', 'Computer Science', 3.93),
(128, 'David Clark', 'Electrical Engineering', 3.08),
(129, 'Ruby Moore', 'Electrical Engineering', 3.9),
(130, 'Grace Clark', 'Mechanical Engineering', 3.41),
(131, 'Ben Davis', 'Computer Science', 3.93),
(132, 'Mia Clark', 'Electrical Engineering', 3.16),
(133, 'Ruby Wilson', 'Computer Science', 3.21),
(134, 'David Wilson', 'Computer Science', 3.15),
(135, 'Grace Miller', 'Computer Science', 3.0),
(136, 'Ben Moore', 'Physics', 3.49),
(137, 'Mia Williams', 'Physics', 3.16),
(138, 'Ruby Taylor', 'Physics', 3.12),
(139, 'David Miller', 'Mechanical Engineering', 3.83),
(140, 'Grace Jones', 'Mechanical Engineering', 3.79),
(141, 'Ben Wilson', 'Mechanical Engineering', 3.61),
(142, 'Mia Taylor', 'Electrical Engineering', 3.41),
(143, 'Ruby Miller', 'Mechanical Engineering', 3.16),
(144, 'David Jones', 'Computer Science', 3.18),
(145, 'Grace Davis', 'Computer Science', 3.63),
(146, 'Ben Clark', 'Mechanical Engineering', 3.32),
(147, 'Mia Moore', 'Computer Science', 3.99),
(148, 'Ruby Davis', 'Computer Science', 3.54),
(149, 'David Taylor', 'Computer Science', 3.33),
(150, 'Grace Williams', 'Computer Science', 3.8),
(151, 'Ben Miller', 'Computer Science', 3.45),
(152, 'Mia Jones', 'Computer Science', 3.13),
(153, 'Ruby Clark', 'Computer Science', 3.88),
(154, 'David Moore', 'Computer Science', 3.52),
(155, 'Grace Taylor', 'Computer Science', 3.12),
(156, 'Ben Davis', 'Computer Science', 3.9),
(157, 'Mia Wilson', 'Computer Science', 3.7),
(158, 'Ruby Williams', 'Computer Science', 3.28),
(159, 'David Brown', 'Computer Science', 3.69),
(160, 'Grace Smith', 'Computer Science', 3.01),
(161, 'Ben Jones', 'Electrical Engineering', 3.8),
(162, 'Mia Davis', 'Electrical Engineering', 3.12),
(163, 'Ruby Brown', 'Electrical Engineering', 3.75),
(164, 'David Smith', 'Electrical Engineering', 3.43),
(165, 'Grace Moore', 'Electrical Engineering', 3.22),
(166, 'Ben Williams', 'Electrical Engineering', 3.5),
(167, 'Mia Smith', 'Electrical Engineering', 3.88),
(168, 'Ruby Jones', 'Electrical Engineering', 3.19),
(169, 'David Clark', 'Electrical Engineering', 3.51),
(170, 'Grace Brown', 'Electrical Engineering', 3.7),
(171, 'Ben Taylor', 'Mechanical Engineering', 3.33),
(172, 'Mia Miller', 'Mechanical Engineering', 3.59),
(173, 'Ruby Smith', 'Mechanical Engineering', 3.82),
(174, 'David Davis', 'Mechanical Engineering', 3.13),
(175, 'Grace Jones', 'Mechanical Engineering', 3.68),
(176, 'Ben Brown', 'Mechanical Engineering', 3.25),
(177, 'Mia Williams', 'Mechanical Engineering', 3.77),
(178, 'Ruby Clark', 'Mechanical Engineering', 3.4),
(179, 'David Moore', 'Mechanical Engineering', 3.99),
(180, 'Grace Wilson', 'Mechanical Engineering', 3.05),
(181, 'Ben Smith', 'Biology', 3.85),
(182, 'Mia Brown', 'Biology', 3.21),
(183, 'Ruby Davis', 'Biology', 3.55),
(184, 'David Jones', 'Biology', 3.78),
(185, 'Grace Clark', 'Biology', 3.1),
(186, 'Ben Wilson', 'Biology', 3.98),
(187, 'Mia Taylor', 'Biology', 3.44),
(188, 'Ruby Smith', 'Biology', 3.67),
(189, 'David Williams', 'Biology', 3.09),
(190, 'Grace Miller', 'Biology', 3.81),
(191, 'Ben Davis', 'Physics', 3.29),
(192, 'Mia Jones', 'Physics', 3.76),
(193, 'Ruby Brown', 'Physics', 3.51),
(194, 'David Smith', 'Physics', 3.92),
(195, 'Grace Williams', 'Physics', 3.36),
(196, 'Ben Moore', 'Physics', 3.62),
(197, 'Mia Clark', 'Physics', 3.18),
(198, 'Ruby Taylor', 'Physics', 3.89),
(199, 'David Brown', 'Physics', 3.48),
(200, 'Grace Davis', 'Physics', 3.73);

-- Insert data into Enrolled table
INSERT INTO Enrolled (sid, cid, grade) VALUES
(169, 'MEL110', 'B'),
(118, 'CSL303', 'D'),
(188, 'CSL101', 'A'),
(188, 'MEL242', 'D'),
(132, 'CSL101', 'D'),
(181, 'CSL303', 'B'),
(113, 'CSL211', 'A'),
(141, 'CSL303', 'C'),
(198, 'CSL303', 'B'),
(103, 'CSL101', 'B'),
(153, 'CSL101', 'B'),
(111, 'CSL101', 'A'),
(139, 'CSL303', 'B'),
(162, 'CSL211', 'C'),
(170, 'CSL303', 'A'),
(193, 'CSL303', 'D'),
(195, 'CSL303', 'A'),
(128, 'CSL211', 'B'),
(148, 'CSL211', 'A'),
(178, 'CSL211', 'D'),
(197, 'CSL211', 'C'),
(101, 'CSL101', 'A'),
(121, 'CSL101', 'C'),
(131, 'CSL101', 'D'),
(151, 'CSL101', 'A'),
(161, 'CSL101', 'C'),
(171, 'CSL101', 'D'),
(191, 'CSL101', 'A'),
(102, 'EEL201', 'B'),
(122, 'EEL201', 'D'),
(142, 'EEL201', 'A'),
(152, 'EEL201', 'C'),
(162, 'EEL201', 'D'),
(182, 'EEL201', 'A'),
(192, 'EEL201', 'C'),
(104, 'MEL110', 'D'),
(114, 'MEL110', 'A'),
(124, 'MEL110', 'C'),
(134, 'MEL110', 'D'),
(154, 'MEL110', 'A'),
(184, 'MEL110', 'C'),
(106, 'CSL211', 'D'),
(116, 'CSL211', 'A'),
(126, 'CSL211', 'C'),
(136, 'CSL211', 'D'),
(146, 'CSL211', 'A'),
(156, 'CSL211', 'C'),
(166, 'CSL211', 'D'),
(176, 'CSL211', 'A'),
(186, 'CSL211', 'C'),
(196, 'CSL211', 'D'),
(108, 'EEL305', 'A'),
(118, 'EEL305', 'C'),
(128, 'EEL305', 'D'),
(138, 'EEL305', 'A'),
(148, 'EEL305', 'C'),
(158, 'EEL305', 'D'),
(168, 'EEL305', 'A'),
(178, 'EEL305', 'C'),
(188, 'EEL305', 'D'),
(198, 'EEL305', 'A'),
(110, 'MEL242', 'C'),
(120, 'MEL242', 'D'),
(130, 'MEL242', 'A'),
(140, 'MEL242', 'C'),
(150, 'MEL242', 'D'),
(160, 'MEL242', 'A'),
(170, 'MEL242', 'C'),
(180, 'MEL242', 'D'),
(190, 'MEL242', 'A'),
(200, 'MEL242', 'C');
