-- CSL303: Database Management Systems
-- Lab 3 Data Script

PRAGMA foreign_keys = ON;

-- Drop existing tables to start fresh
DROP TABLE IF EXISTS Enrolled;
DROP TABLE IF EXISTS Courses;
DROP TABLE IF EXISTS Students;
DROP TABLE IF EXISTS Faculty;

-- Create Tables
CREATE TABLE Students (
    sid INTEGER PRIMARY KEY,
    sname TEXT NOT NULL,
    discip TEXT,
    gpa REAL,
    registration_date DATE
);

CREATE TABLE Faculty (
    fid INTEGER PRIMARY KEY,
    fname TEXT NOT NULL,
    department TEXT
);

CREATE TABLE Courses (
    cid TEXT PRIMARY KEY,
    cname TEXT NOT NULL,
    credits INTEGER,
    instructor_fid INTEGER,
    FOREIGN KEY (instructor_fid) REFERENCES Faculty(fid) ON DELETE SET NULL
);

CREATE TABLE Enrolled (
    sid INTEGER,
    cid TEXT,
    grade TEXT,
    PRIMARY KEY (sid, cid),
    FOREIGN KEY (sid) REFERENCES Students(sid) ON DELETE CASCADE
);

-- Populate Data
-- Students
INSERT INTO Students (sid, sname, discip, gpa, registration_date) VALUES
(101, 'Isha', 'CSE', 8.5, '2022-08-01'),
(102, 'Parth', 'DSAI', 9.1, '2022-08-03'),
(103, 'Juhi', 'CSE', 7.8, '2021-08-01'),
(104, 'Suresh', 'MA', 8.9, '2022-09-01'),
(105, 'Priya', 'EE', 9.5, '2023-08-05'),
(106, 'Karan', 'CSE', 8.2, '2023-08-05'),
(107, 'Sneha', NULL, 7.5, '2021-09-10'),
(108, 'Aarav', 'CSE', 8.1, '2022-05-10'),
(109, 'Vivaan', 'DSAI', 9.2, '2023-01-15'),
(110, 'Aditya', 'MA', 7.5, '2021-11-20'),
(111, 'Vihaan', 'EE', 8.8, '2022-03-25'),
(112, 'Arjun', 'ME', 6.9, '2023-07-30'),
(113, 'Sai', 'CE', 8.5, '2021-09-05'),
(114, 'Reyansh', 'CSE', 9.0, '2022-02-10'),
(115, 'Krishna', NULL, 7.2, '2023-04-18'),
(116, 'Ishaan', 'MA', 8.3, '2021-10-22'),
(117, 'Shaurya', 'EE', 9.5, '2022-01-30'),
(118, 'Atharv', 'ME', 7.8, '2023-06-14'),
(119, 'Advik', 'CE', 8.9, '2021-12-01'),
(120, 'Kabir', 'CSE', 9.3, '2022-04-05'),
(121, 'Ansh', 'DSAI', 7.6, '2023-02-20'),
(122, 'Dhruv', 'MA', 8.0, '2021-11-15'),
(123, 'Rudra', 'EE', 9.8, '2022-06-10'),
(124, 'Ayaan', 'ME', 7.1, '2023-08-25'),
(125, 'Veer', 'CE', 8.2, '2021-10-01'),
(126, 'Yash', 'CSE', 9.7, '2022-07-15'),
(127, 'Arnav', 'DSAI', 7.9, '2023-03-12'),
(128, 'Pranav', 'MA', 8.6, '2021-12-25'),
(129, 'Rishaan', 'EE', 9.1, '2022-08-20'),
(130, 'Aadi', 'ME', 7.4, '2023-10-05'),
(131, 'Arin', 'CE', 8.7, '2021-11-11'),
(132, 'Dev', NULL, 9.4, '2022-09-30'),
(133, 'Kian', 'DSAI', 7.3, '2023-05-22'),
(134, 'Ryan', 'MA', 8.4, '2022-01-05'),
(135, 'Zayan', 'EE', 9.6, '2022-10-10'),
(136, 'Abeer', 'ME', 7.0, '2023-11-15'),
(137, 'Darsh', 'CE', 8.0, '2022-02-28'),
(138, 'Ishank', 'CSE', 9.9, '2022-11-20'),
(139, 'Laksh', 'DSAI', 7.7, '2023-09-10'),
(140, 'Neel', 'MA', 8.1, '2022-03-15'),
(141, 'Parthiv', 'EE', 9.2, '2022-12-25'),
(142, 'Rohan', 'ME', 7.5, '2023-12-30'),
(143, 'Samarth', 'CE', 8.3, '2022-04-20'),
(144, 'Siddharth', 'CSE', 9.5, '2023-01-01'),
(145, 'Varun', 'DSAI', 7.4, '2023-08-15'),
(146, 'Yuvraj', 'MA', 8.8, '2022-05-25'),
(147, 'Aisha', 'EE', 9.3, '2023-02-18'),
(148, 'Anika', 'ME', 7.2, '2023-11-01'),
(149, 'Avani', 'CE', 8.6, '2022-06-30'),
(150, 'Diya', 'CSE', 9.8, '2023-03-28'),
(151, 'Eva', 'DSAI', 7.0, '2023-10-12'),
(152, 'Fatima', 'MA', 8.2, '2022-07-05'),
(153, 'Gauri', 'EE', 9.0, '2023-04-01'),
(154, 'Heer', 'ME', 7.6, '2023-12-05'),
(155, 'Inaya', 'CE', 8.4, '2022-08-10'),
(156, 'Jiya', 'CSE', 9.6, '2023-05-15'),
(157, 'Kavya', 'DSAI', 7.1, '2023-11-25'),
(158, 'Lina', NULL, 8.7, '2022-09-01'),
(159, 'Mira', 'EE', 9.4, '2023-06-20'),
(160, 'Navya', 'ME', 7.3, '2023-10-20'),
(161, 'Oviya', 'CE', 8.5, '2022-10-15'),
(162, 'Piya', 'CSE', 9.2, '2023-07-25'),
(163, 'Rhea', 'DSAI', 7.8, '2023-12-18'),
(164, 'Saanvi', 'MA', 8.9, '2022-11-05'),
(165, 'Tara', 'EE', 9.7, '2023-08-30'),
(166, 'Uma', 'ME', 7.9, '2023-09-22'),
(167, 'Vanya', 'CE', 8.1, '2022-12-10'),
(168, 'Zara', 'CSE', 9.1, '2023-06-05'),
(169, 'Aanya', 'DSAI', 7.5, '2023-11-08'),
(170, 'Bhavna', 'MA', 8.3, '2022-10-28'),
(171, 'Charvi', 'EE', 9.9, '2023-09-18'),
(172, 'Dhriti', 'ME', 7.7, '2023-08-08'),
(173, 'Esha', 'CE', 8.2, '2023-01-20'),
(174, 'Falak', 'CSE', 9.3, '2023-07-01'),
(175, 'Gargi', 'DSAI', 7.6, '2023-12-01'),
(176, 'Hansa', 'MA', 8.0, '2023-02-15'),
(177, 'Ira', NULL, 9.5, '2023-10-30'),
(178, 'Jhanvi', 'ME', 7.4, '2023-07-18'),
(179, 'Keya', 'CE', 8.8, '2023-03-05'),
(180, 'Lavanya', 'CSE', 9.0, '2023-08-12'),
(181, 'Mahi', 'DSAI', 7.2, '2023-12-22'),
(182, 'Naina', 'MA', 8.4, '2023-04-10'),
(183, 'Pooja', 'EE', 9.2, '2023-11-28'),
(184, 'Riya', 'ME', 7.1, '2023-06-25'),
(185, 'Sanya', 'CE', 8.7, '2023-05-02'),
(186, 'Tisha', 'CSE', 9.4, '2023-09-08'),
(187, 'Urvi', 'DSAI', 7.3, '2023-10-18'),
(188, 'Veda', 'MA', 8.6, '2023-01-10'),
(189, 'Wafa', 'EE', 9.6, '2023-12-15'),
(190, 'Yamini', 'ME', 7.0, '2023-05-28'),
(191, 'Zoya', 'CE', 8.1, '2023-02-08'),
(192, 'Abhay', 'CSE', 9.7, '2023-11-05'),
(193, 'Bharat', 'DSAI', 7.9, '2023-08-22'),
(194, 'Chetan', 'MA', 8.5, '2023-03-20'),
(195, 'Divit', NULL, 9.1, '2023-10-01'),
(196, 'Gagan', 'ME', 7.8, '2023-06-18'),
(197, 'Harsh', 'CE', 8.9, '2023-04-25'),
(198, 'Jatin', 'CSE', 9.9, '2023-09-15'),
(199, 'Kunal', 'DSAI', 7.7, '2023-07-10'),
(200, 'Manan', 'MA', 8.3, '2023-05-01');

-- Faculty
INSERT INTO Faculty (fid, fname, department) VALUES
(1, 'Prof. Sharma', 'CSE'),
(2, 'Prof. Gupta', 'DSAI'),
(3, 'Prof. Verma', 'MA'),
(4, 'Prof. Singh', 'CSE');

-- Courses
INSERT INTO Courses (cid, cname, credits, instructor_fid) VALUES
('CSL303', 'Databases', 4, 1),
('CSL211', 'Data Structures', 4, 4),
('DSL201', 'Intro to Data Science', 4, 2),
('MAL251', 'Linear Algebra', 3, 3),
('CSL101', 'Intro to Programming', 3, 1);

-- Enrolled
INSERT INTO Enrolled (sid, cid, grade) VALUES
(101, 'CSL303', 'A'),
(101, 'CSL211', 'A'),
(102, 'DSL201', 'B'),
(103, 'CSL303', 'B'),
(103, 'CSL101', 'A'),
(104, 'MAL251', 'A'),
(105, 'CSL101', 'B'),
(106, 'CSL303', 'C'),
(108, 'CSL303', 'B'),
(108, 'CSL211', 'A'),
(109, 'DSL201', 'A'),
(110, 'MAL251', 'C'),
(111, 'CSL101', 'B'),
(112, 'CSL303', 'D'),
(113, 'CSL211', 'B'),
(114, 'DSL201', 'A'),
(115, 'MAL251', 'B'),
(116, 'CSL101', 'C'),
(117, 'CSL303', 'A'),
(118, 'CSL211', 'F'),
(119, 'DSL201', 'C'),
(120, 'MAL251', 'A'),
(121, 'CSL101', 'B'),
(122, 'CSL303', 'B'),
(123, 'CSL211', 'A'),
(124, 'DSL201', 'C'),
(125, 'MAL251', 'D'),
(126, 'CSL101', 'A'),
(127, 'CSL303', 'C'),
(128, 'CSL211', 'B'),
(129, 'DSL201', 'A'),
(130, 'MAL251', 'F'),
(131, 'CSL101', 'B'),
(132, 'CSL303', 'A'),
(133, 'CSL211', 'C'),
(134, 'DSL201', 'B'),
(135, 'MAL251', 'A'),
(136, 'CSL101', 'D'),
(137, 'CSL303', 'B'),
(138, 'CSL211', 'A'),
(139, 'DSL201', 'C'),
(140, 'MAL251', 'B'),
(141, 'CSL101', 'A'),
(142, 'CSL303', 'F'),
(143, 'CSL211', 'B'),
(144, 'DSL201', 'A'),
(145, 'MAL251', 'C'),
(146, 'CSL101', 'B'),
(147, 'CSL303', 'A'),
(148, 'CSL211', 'D'),
(149, 'DSL201', 'B'),
(150, 'MAL251', 'A'),
(151, 'CSL101', 'C'),
(152, 'CSL303', 'B'),
(153, 'CSL211', 'A'),
(154, 'DSL201', 'F'),
(155, 'MAL251', 'B'),
(156, 'CSL101', 'A'),
(157, 'CSL303', 'C'),
(158, 'CSL211', 'B'),
(159, 'DSL201', 'A'),
(160, 'MAL251', 'D'),
(161, 'CSL101', 'B'),
(162, 'CSL303', 'A'),
(163, 'CSL211', 'C'),
(164, 'DSL201', 'B'),
(165, 'MAL251', 'A'),
(166, 'CSL101', 'F'),
(167, 'CSL303', 'B'),
(168, 'CSL211', 'A'),
(169, 'DSL201', 'C'),
(170, 'MAL251', 'B'),
(171, 'CSL101', 'A'),
(172, 'CSL303', 'D'),
(173, 'CSL211', 'B'),
(174, 'DSL201', 'A'),
(175, 'MAL251', 'C'),
(176, 'CSL101', 'B'),
(177, 'CSL303', 'A'),
(178, 'CSL211', 'F'),
(179, 'DSL201', 'B'),
(180, 'MAL251', 'A'),
(181, 'CSL101', 'C'),
(182, 'CSL303', 'B'),
(183, 'CSL211', 'A'),
(184, 'DSL201', 'D'),
(185, 'MAL251', 'B'),
(186, 'CSL101', 'A'),
(187, 'CSL303', 'C'),
(188, 'CSL211', 'B'),
(189, 'DSL201', 'A'),
(190, 'MAL251', 'F'),
(191, 'CSL101', 'B'),
(192, 'CSL303', 'A'),
(193, 'CSL211', 'C'),
(194, 'DSL201', 'B'),
(195, 'MAL251', 'A'),
(196, 'CSL101', 'D'),
(197, 'CSL303', 'B'),
(198, 'CSL211', 'A'),
(199, 'DSL201', 'C'),
(200, 'MAL251', 'B');
